RK,TIERS,PLAYER NAME,TEAM,POS
1,1,Ja'Marr Chase,CIN,WR1
2,1,Jahmyr Gibbs,DET,RB1
3,1,Puka Nacua,LAR,WR2
4,1,Bijan Robinson,ATL,RB2
5,1,Jaxon Smith-Njigba,SEA,WR3
6,1,Amon-Ra St. Brown,DET,WR4
7,2,CeeDee Lamb,DAL,WR5
8,2,Justin Jefferson,MIN,WR6
9,2,Christian McCaffrey,SF,RB3
10,2,Drake London,ATL,WR7
11,2,Jonathan Taylor,IND,RB4
12,2,A.J. Brown,NE,WR8
13,3,Nico Collins,HOU,WR9
14,3,Ashton Jeanty,LV,RB5
15,3,James Cook III,BUF,RB6
16,3,Chase Brown,CIN,RB7
17,3,Brock Bowers,LV,TE1
18,3,Chris Olave,NO,WR10
19,3,George Pickens,DAL,WR11
20,3,Trey McBride,ARI,TE2
21,3,De'Von Achane,MIA,RB8
22,3,Rashee Rice,KC,WR12
23,3,DeVonta Smith,PHI,WR13
24,4,Omarion Hampton,LAC,RB9
25,4,Josh Allen,BUF,QB1
26,4,Saquon Barkley,PHI,RB10
,4,,,
27,4,Malik Nabers,NYG,WR14
28,4,Kenneth Walker III,KC,RB11
29,4,Garrett Wilson,NYJ,WR15
30,4,Zay Flowers,BAL,WR16
31,4,Lamar Jackson,BAL,QB2
32,4,Tetairoa McMillan,CAR,WR17
33,4,Tee Higgins,CIN,WR18
34,4,Ladd McConkey,LAC,WR19
35,4,Jaylen Waddle,DEN,WR20
36,4,Colston Loveland,CHI,TE3
37,4,Derrick Henry,BAL,RB12
38,4,Drake Maye,NE,QB3
39,5,Emeka Egbuka,TB,WR21
40,5,Breece Hall,NYJ,RB13
41,5,Jeremiyah Love,ARI,RB14
42,5,Kyren Williams,LAR,RB15
43,5,Joe Burrow,CIN,QB4
44,5,Josh Jacobs,GB,RB16
45,5,Javonte Williams,DAL,RB17
46,5,Terry McLaurin,WAS,WR22
47,5,Luther Burden III,CHI,WR23
48,5,Travis Etienne Jr.,NO,RB18
49,5,Davante Adams,LAR,WR24
50,5,Jayden Daniels,WAS,QB5
51,5,DJ Moore,BUF,WR25
52,5,Mike Evans,SF,WR26
53,5,Tyler Warren,IND,TE4
54,5,Jameson Williams,DET,WR27
55,5,Cam Skattebo,NYG,RB19
56,6,Jalen Hurts,PHI,QB6
57,6,Bucky Irving,TB,RB20
58,6,Christian Watson,GB,WR28
59,6,D'Andre Swift,CHI,RB21
60,6,Rome Odunze,CHI,WR29
61,6,Quinshon Judkins,CLE,RB22
62,6,David Montgomery,HOU,RB23
63,6,TreVeyon Henderson,NE,RB24
64,6,Caleb Williams,CHI,QB7
65,6,Carnell Tate,TEN,WR30
66,6,Marvin Harrison Jr.,ARI,WR31
67,6,Bhayshul Tuten,JAC,RB25
68,6,Parker Washington,JAC,WR32
69,6,Justin Herbert,LAC,QB8
70,6,Harold Fannin Jr.,CLE,TE5
71,6,Jadarian Price,SEA,RB26
72,6,Brian Thomas Jr.,JAC,WR33
73,6,Tucker Kraft,GB,TE6
74,6,Jaylen Warren,PIT,RB27
75,6,DK Metcalf,PIT,WR34
76,6,Trevor Lawrence,JAC,QB9
77,7,Chris Godwin Jr.,TB,WR35
78,7,Dak Prescott,DAL,QB10
79,7,Kyle Pitts Sr.,ATL,TE7
80,7,Rhamondre Stevenson,NE,RB28
81,7,Courtland Sutton,DEN,WR36
82,7,Michael Pittman Jr.,PIT,WR37
83,7,Tony Pollard,TEN,RB29
84,7,Sam LaPorta,DET,TE8
85,7,Michael Wilson,ARI,WR38
86,7,Wan'Dale Robinson,TEN,WR39
87,7,Rico Dowdle,PIT,RB30
88,7,Josh Downs,IND,WR40
89,7,RJ Harvey,DEN,RB31
90,7,Chuba Hubbard,CAR,RB32
,7,,,
91,7,Jaxson Dart,NYG,QB11
92,7,Alec Pierce,IND,WR41
93,7,Brock Purdy,SF,QB12
94,7,Jakobi Meyers,JAC,WR42
95,7,Quentin Johnston,LAC,WR43
96,7,Patrick Mahomes II,KC,QB13
97,7,Bo Nix,DEN,QB14
98,7,Travis Kelce,KC,TE9
99,7,Kenny Gainwell,TB,RB33
100,7,George Kittle,SF,TE10
101,8,Matthew Stafford,LAR,QB15
102,8,J.K. Dobbins,DEN,RB34
103,8,Jordan Addison,MIN,WR44
104,8,Jared Goff,DET,QB16
105,8,Makai Lemon,PHI,WR45
106,8,Jayden Reed,GB,WR46
107,8,Jonathon Brooks,CAR,RB35
108,8,Kyle Monangai,CHI,RB36
109,8,Rachaad White,WAS,RB37
110,8,Blake Corum,LAR,RB38
111,8,Jake Ferguson,DAL,TE11
112,8,Aaron Jones Sr.,MIN,RB39
113,8,Dalton Kincaid,BUF,TE12
114,8,Kyler Murray,MIN,QB17
115,8,Jacory Croskey-Merritt,WAS,RB40
116,8,Baker Mayfield,TB,QB18
117,8,Stefon Diggs,WAS,WR47
118,8,Khalil Shakir,BUF,WR48
119,8,Jordan Love,GB,QB19
120,8,Isaiah Likely,NYG,TE13
121,8,Jordan Mason,MIN,RB41
122,8,Dallas Goedert,PHI,TE14
123,8,Tyler Shough,NO,QB20
124,8,KC Concepcion,CLE,WR49
125,8,Xavier Worthy,KC,WR50
126,8,Jalen Coker,CAR,WR51
127,8,Jordyn Tyson,NO,WR52
128,8,Romeo Doubs,NE,WR53
129,8,Matthew Golden,GB,WR54
130,8,Mark Andrews,BAL,TE15
131,8,Malik Willis,MIA,QB21
132,8,Woody Marks,HOU,RB42
133,8,Tyler Allgeier,ARI,RB43
134,8,Juwan Johnson,NO,TE16
135,9,Sam Darnold,SEA,QB22
136,9,Tyjae Spears,TEN,RB44
137,9,Tyrone Tracy Jr.,NYG,RB45
138,9,C.J. Stroud,HOU,QB23
139,9,Chris Rodriguez Jr.,JAC,RB46
140,9,Dylan Sampson,CLE,RB47
141,9,Zach Charbonnet,SEA,RB48
142,9,Rashid Shaheed,SEA,WR55
143,9,Deebo Samuel Sr.,SF,WR56
144,9,Alvin Kamara,NO,RB49
145,9,Cam Ward,TEN,QB24
146,9,Brenton Strange,JAC,TE17
147,9,Keaton Mitchell,LAC,RB50
148,9,Daniel Jones,IND,QB25
149,9,Denzel Boston,CLE,WR57
150,9,Chig Okonkwo,WAS,TE18
151,9,De'Zhaun Stribling,SF,WR58
152,9,Isiah Pacheco,DET,RB51
153,9,Jauan Jennings,MIN,WR59
154,9,Hunter Henry,NE,TE19
155,9,Jerry Jeudy,CLE,WR60
156,9,Bryce Young,CAR,QB26
157,9,Dalton Schultz,HOU,TE20
158,9,Houston Texans,HOU,DST1
159,9,Adonai Mitchell,NYJ,WR61
160,9,Tank Bigsby,PHI,RB52
161,9,Jonah Coleman,DEN,RB53
162,9,Tre Tucker,LV,WR62
163,9,Jalen McMillan,TB,WR63
164,9,Braelon Allen,NYJ,RB54
165,9,Brian Robinson Jr.,ATL,RB55
166,10,Denver Broncos,DEN,DST2
167,10,Tre' Harris,LAC,WR64
168,10,Seattle Seahawks,SEA,DST3
169,10,Oronde Gadsden II,LAC,TE21
170,10,Travis Hunter,JAC,WR65
171,10,Omar Cooper Jr.,NYJ,WR66
172,10,Los Angeles Rams,LAR,DST4
173,10,T.J. Hockenson,MIN,TE22
174,10,Philadelphia Eagles,PHI,DST5
175,10,Jacoby Brissett,ARI,QB27
176,10,Ryan Flournoy,DAL,WR67
177,10,Jalen Nailor,LV,WR68
178,10,Dontayvion Wicks,PHI,WR69
179,10,Pat Bryant,DEN,WR70
180,10,Ray Davis,BUF,RB56
181,10,Brandon Aubrey,DAL,K1
182,10,Jaylin Noel,HOU,WR71
183,10,New England Patriots,NE,DST6
184,10,Kimani Vidal,LAC,RB57
185,10,Malik Washington,MIA,WR72
186,10,Pittsburgh Steelers,PIT,DST7
187,10,Minnesota Vikings,MIN,DST8
188,10,Kayshon Boutte,NE,WR73
189,10,Sean Tucker,TB,RB58
190,10,Jacksonville Jaguars,JAC,DST9
191,10,James Conner,ARI,RB59
192,10,AJ Barner,SEA,TE23
193,10,Emmett Johnson,KC,RB60
194,10,Los Angeles Chargers,LAC,DST10
195,10,Calvin Ridley,TEN,WR74
196,10,Cameron Dicker,LAC,K2
197,10,Ka'imi Fairbairn,HOU,K3
198,10,Troy Franklin,DEN,WR75
199,10,Cam Little,JAC,K4
200,10,Mike Washington Jr.,LV,RB61
201,10,Tank Dell,HOU,WR76
202,10,Jason Myers,SEA,K5
203,10,MarShawn Lloyd,GB,RB62
204,10,Baltimore Ravens,BAL,DST11
205,10,Gunnar Helm,TEN,TE24
206,10,Isaac TeSlaa,DET,WR77
207,10,Nicholas Singleton,TEN,RB63
208,10,Tyler Loop,BAL,K6
209,10,Eddy Pineiro,SF,K7
210,10,Green Bay Packers,GB,DST12
211,10,Emanuel Wilson,SEA,RB64
212,10,Darnell Mooney,NYG,WR78
213,10,Kansas City Chiefs,KC,DST13
214,11,Kenyon Sadiq,NYJ,TE25
215,11,Rashod Bateman,BAL,WR79
216,11,Cairo Santos,CHI,K8
217,11,Geno Smith,NYJ,QB28
218,11,Aaron Rodgers,PIT,QB29
219,11,Evan McPherson,CIN,K9
220,11,Jake Bates,DET,K10
221,11,Terrance Ferguson,LAR,TE26
222,11,Cooper Kupp,SEA,WR80
223,11,Andy Borregales,NE,K11
224,11,Detroit Lions,DET,DST14
225,11,Chase McLaughlin,TB,K12
226,11,Jaydon Blue,DAL,RB65
227,11,Buffalo Bills,BUF,DST15
228,11,Kaytron Allen,WAS,RB66
229,11,Harrison Mevis,LAR,K13
230,11,Cleveland Browns,CLE,DST16
231,11,Pat Freiermuth,PIT,TE27
232,11,Cade Otton,TB,TE28
233,11,Keenan Allen,IND,WR81
234,11,Zachariah Branch,ATL,WR82
235,11,Antonio Williams,WAS,WR83
236,11,Jaylen Wright,MIA,RB67
237,11,Chimere Dike,TEN,WR84
238,11,Germie Bernard,PIT,WR85
239,11,Ollie Gordon II,MIA,RB68
240,11,Jack Bech,LV,WR86
241,11,David Njoku,LAC,TE29
242,11,Justice Hill,BAL,RB69
243,11,Evan Engram,DEN,TE30
244,11,Elic Ayomanor,TEN,WR87
245,11,Harrison Butker,KC,K14
246,11,Keon Coleman,BUF,WR88
247,11,Chris Boswell,PIT,K15
248,11,Fernando Mendoza,LV,QB30
249,11,George Holani,SEA,RB70
250,11,Isaiah Davis,NYJ,RB71
251,11,Colby Parkinson,LAR,TE31
252,11,Malachi Fields,NYG,WR89
253,11,Tua Tagovailoa,ATL,QB31
254,11,Tory Horton,SEA,WR90
255,11,Demond Claiborne,MIN,RB72
256,11,Ted Hurst III,TB,WR91
257,11,Devaughn Vele,NO,WR92
258,11,Greg Dulcich,MIA,TE32
259,12,Christian Kirk,SF,WR93
260,12,Chris Bell,MIA,WR94
261,12,Ty Johnson,BUF,RB73
262,12,Elijah Sarratt,BAL,WR95
263,12,Mason Taylor,NYJ,TE33
264,12,Ja'Kobi Lane,BAL,WR96
265,12,Darius Slayton,NYG,WR97
266,12,Jordan James,SF,RB74
267,12,Xavier Legette,CAR,WR98
268,12,Chris Brooks,GB,RB75
269,12,LeQuint Allen Jr.,JAC,RB76
270,12,Marvin Mims Jr.,DEN,WR99
271,12,Trey Benson,ARI,RB77
272,12,Wil Lutz,DEN,K16
273,12,Samaje Perine,CIN,RB78
274,12,Tyquan Thornton,KC,WR100
275,12,Theo Johnson,NYG,TE34
276,12,Will Reichard,MIN,K17
277,12,DJ Giddens,IND,RB79
278,12,Michael Penix Jr.,ATL,QB32
279,12,Eli Stowers,PHI,TE35
280,12,Devin Neal,NO,RB80
281,12,Kaelon Black,SF,RB81
282,12,San Francisco 49ers,SF,DST17
283,12,Atlanta Falcons,ATL,DST18
284,12,Oscar Delp,NO,TE36
285,12,Brandon Aiyuk,SF,WR101
286,12,Malik Davis,DAL,RB82
287,12,Shedeur Sanders,CLE,QB33
288,12,Caleb Douglas,MIA,WR102
289,12,Najee Harris,NYG,RB83
290,12,Kirk Cousins,LV,QB34
291,12,Kaleb Johnson,PIT,RB84
292,12,Brashard Smith,KC,RB85
293,12,Kyle Williams,NE,WR103
294,12,Mack Hollins,NE,WR104
295,12,Hollywood Brown,PHI,WR105
296,12,Deshaun Watson,CLE,QB35
297,12,Kendre Miller,NO,RB86
298,12,Emari Demercado,KC,RB87
299,12,Devin Singletary,NYG,RB88
300,12,Isaiah Bond,CLE,WR106
301,12,Adam Randall,BAL,RB89
302,12,New Orleans Saints,NO,DST19
303,12,Tyreek Hill,FA,WR107
304,12,Seth McGowan,IND,RB90
305,12,Jerome Ford,WAS,RB91
306,12,Cyrus Allen,KC,WR108
307,12,Trevor Etienne,CAR,RB92
308,12,Mike Gesicki,CIN,TE37
309,12,Skyler Bell,BUF,WR109
310,12,Charlie Smyth,NO,K18
311,12,Isaac Guerendo,SF,RB93
312,12,Tahj Brooks,CIN,RB94
313,12,Andrei Iosivas,CIN,WR110
314,12,Indianapolis Colts,IND,DST20
315,12,Jaleel McLaughlin,DEN,RB95
316,12,Audric Estime,NO,RB96
317,13,Jarquez Hunter,LAR,RB97
318,13,Jake Tonges,SF,TE38
319,13,Chicago Bears,CHI,DST21
320,13,Will Shipley,PHI,RB98
321,13,Joe Mixon,FA,RB99
322,13,Darnell Washington,PIT,TE39
323,13,Kareem Hunt,FA,RB100
324,13,Chris Brazzell II,CAR,WR111
325,13,J.J. McCarthy,MIN,QB36
326,13,DeMario Douglas,NE,WR112
327,13,Jahan Dotson,ATL,WR113
328,13,Darren Waller,CAR,TE40
329,13,Cedric Tillman,CLE,WR114
330,13,Tez Johnson,TB,WR115
331,13,Calvin Austin III,NYG,WR116
332,13,Jalen Tolbert,MIA,WR117
333,13,Michael Mayer,LV,TE41
334,13,Konata Mumpfield,LAR,WR118
335,13,Jalen Royals,KC,WR119
336,13,Dallas Cowboys,DAL,DST22
337,13,Elijah Arroyo,SEA,TE42
338,13,Luke McCaffrey,WAS,WR120
339,13,Olamide Zaccheaus,ATL,WR121
340,13,Bam Knight,ARI,RB101
341,13,Carson Beck,ARI,QB37
342,13,Bryce Lance,NO,WR122
343,13,Xavier Hutchinson,HOU,WR123
344,13,Max Klare,LAR,TE43
345,13,Mac Jones,SF,QB38
346,13,Tyler Higbee,LAR,TE44
347,13,Joshua Palmer,BUF,WR124
348,13,Noah Gray,KC,TE45
349,13,Cole Kmet,CHI,TE46
350,13,Carolina Panthers,CAR,DST23
351,13,Erick All Jr.,CIN,TE47
352,13,Kendrick Bourne,ARI,WR125
353,13,Dawson Knox,BUF,TE48
354,13,Ja'Tavion Sanders,CAR,TE49
355,13,Jake Elliott,PHI,K19
356,13,Eli Raridon,NE,TE50
357,13,Brenen Thompson,LAC,WR126
358,13,Eli Heidenreich,PIT,RB102
359,13,Michael Carter,TEN,RB103
360,13,New York Giants,NYG,DST24
361,13,Justin Fields,KC,QB39
362,13,Treylon Burks,WAS,WR127
363,13,Ty Simpson,LAR,QB40
364,13,Dont'e Thornton Jr.,LV,WR128
365,13,Charlie Kolar,LAC,TE51
366,14,Tampa Bay Buccaneers,TB,DST25
367,14,Justin Joly,DEN,TE52
368,14,Tyler Bass,BUF,K20
369,14,John Metchie III,CAR,WR129
370,14,Anthony Richardson Sr.,IND,QB41
371,14,Raheim Sanders,CLE,RB104
372,14,Malik Benson,LV,WR130
373,14,Zane Gonzalez,FA,K21
374,14,Jaylin Lane,WAS,WR131
375,14,Jawhar Jordan,HOU,RB105
376,14,Tennessee Titans,TEN,DST26
377,14,Savion Williams,GB,WR132
378,14,Cincinnati Bengals,CIN,DST27
379,14,Nick Folk,ATL,K22
380,14,Kalif Raymond,CHI,WR133
381,14,KaVontae Turpin,DAL,WR134
382,14,Kevin Coleman Jr.,MIA,WR135
383,14,Trey Smack,GB,K23
384,14,Noah Fant,NO,TE53
385,14,Phil Mafah,DAL,RB106
386,14,J'Mari Taylor,JAC,RB107
387,14,Tutu Atwell,MIA,WR136
388,14,Miami Dolphins,MIA,DST28
389,14,Blake Grupe,IND,K24
390,14,Roman Wilson,PIT,WR137
391,14,John Bates,WAS,TE54
392,14,Nick Westbrook-Ikhine,IND,WR138
393,14,Kyle Juszczyk,SF,RB108
394,14,Zavion Thomas,CHI,WR139
395,14,Austin Ekeler,FA,RB109
396,14,Joe Flacco,CIN,QB42
397,14,Joey Slye,TEN,K25
398,14,Tommy Tremble,CAR,TE55
399,14,Luke Musgrave,GB,TE56
400,14,Ryan Fitzgerald,CAR,K26
401,14,Devontez Walker,BAL,WR140
402,14,Daniel Carlson,LV,K27
403,14,CJ Daniels,LAR,WR141
404,14,Chad Ryland,ARI,K28
405,14,Jam Miller,NE,RB110
406,14,Jameis Winston,NYG,QB43
407,14,Dameon Pierce,PHI,RB111
408,14,Tommy Myers,FA,TE57
409,14,Washington Commanders,WAS,DST29
410,14,Joe Milton III,DAL,QB44
411,14,Ashton Dulin,IND,WR142
412,14,Colbie Young,CIN,WR143
413,14,Roschon Johnson,CHI,RB112
414,14,Rasheen Ali,BAL,RB113
415,14,Demarcus Robinson,SF,WR144
416,14,Marcus Mariota,WAS,QB45
417,14,Ben Sauls,NYG,K29
418,14,Daniel Bellinger,TEN,TE58
419,14,Mitchell Evans,CAR,TE59
420,14,Sione Vaki,DET,RB114
421,14,Jordan Whittington,LAR,WR145
422,14,Brandon McManus,FA,K30
423,14,Terrell Jennings,FA,RB115
424,14,Ben Sinnott,WAS,TE60
425,14,Cade Klubnik,NYJ,QB46
426,14,Las Vegas Raiders,LV,DST30
427,14,Greg Dortch,DET,WR146
428,14,Austin Hooper,ATL,TE61
429,14,Dyami Brown,WAS,WR147
430,14,Jeremy McNichols,WAS,RB116
431,14,Spencer Shrader,IND,K31
432,14,Antonio Gibson,FA,RB117
433,14,Deion Burks,IND,WR148
434,15,New York Jets,NYJ,DST31
435,15,Jake Moody,FA,K32
436,15,Zavier Scott,MIN,RB118
437,15,Elijah Higgins,ARI,TE62
438,15,Isaiah Williams,NYJ,WR149
439,15,Khalil Herbert,SF,RB119
440,15,Barion Brown,NO,WR150
441,15,Hunter Luepke,DAL,RB120
442,15,Damien Martinez,GB,RB121
443,15,Tai Felton,MIN,WR151
444,15,Ronnie Rivers,LAR,RB122
445,15,Xavier Smith,LAR,WR152
446,15,Riley Leonard,IND,QB47
447,15,Zach Ertz,FA,TE63
448,15,Ty Chandler,NO,RB123
449,15,Robert Henry Jr.,WAS,RB124
450,15,Noah Whittington,HOU,RB125
451,15,Odell Beckham Jr.,NYG,WR153
452,15,Jahdae Walker,CHI,WR154
453,15,Jake Bobo,SEA,WR155
454,15,Tanner Koziol,JAC,TE64
455,15,Drew Stevens,WAS,K33
456,15,Jonnu Smith,FA,TE65
457,15,Tyler Goodson,ATL,RB126
458,15,Marquez Valdes-Scantling,DAL,WR156
459,15,Jacob Cowing,SF,WR157
460,15,Josh Oliver,MIN,TE66
461,15,Reggie Gilliam,NE,RB127
462,15,Dylan Laube,LV,RB128
463,15,Will Kacmarek,MIA,TE67
464,15,Cash Jones,ATL,RB129
465,15,Arizona Cardinals,ARI,DST32
466,15,Frank Gore Jr.,BUF,RB130
467,15,Xavier Restrepo,TEN,WR158
468,15,Scotty Miller,CHI,WR159
469,15,Roman Hemby,LV,RB131
470,15,Matt Hibner,BAL,TE68
471,15,Mitch Tinsley,CIN,WR160
472,15,Jackson Hawes,BUF,TE69
473,15,Marlin Klein,HOU,TE70
474,15,Elijah Moore,PHI,WR161
475,15,Gardner Minshew II,ARI,QB48
476,15,Adam Trautman,DEN,TE71
477,15,Tim Patrick,NYJ,WR162
478,15,Quinn Ewers,MIA,QB49
479,15,Donovan Edwards,MIA,RB132
480,15,Jeremy Ruckert,NYJ,TE72
481,15,Drew Sample,CIN,TE73
482,15,Theo Wease Jr.,MIA,WR163
483,15,Juice Wells Jr.,ATL,WR164
484,15,DeAndre Hopkins,BAL,WR165
485,15,Miles Davis,CAR,RB133
486,15,Jalen Reagor,MIA,WR166
487,15,Van Jefferson,WAS,WR167
488,15,Miles Sanders,FA,RB134
489,15,Jimmy Horn Jr.,CAR,WR168
490,15,Elijah Mitchell,FA,RB135
491,15,Brandin Cooks,FA,WR169
492,15,Cedrick Wilson Jr.,DET,WR170
493,15,Travis Homer,PIT,RB136
494,15,Reggie Virgil,ARI,WR171
495,15,Tyler Lockett,LV,WR172
496,15,Jason Sanders,NYJ,K34
497,15,Jaydn Ott,KC,RB137
498,15,Luke Schoonmaker,DAL,TE74
499,15,Jaret Patterson,LAC,RB138
500,15,Jake Browning,TB,QB50
501,15,Jordan Watkins,SF,WR173
502,15,Nate Boerkircher,JAC,TE75
503,15,Tyrod Taylor,GB,QB51
504,15,Nathan Carter,ATL,RB139
505,15,Lew Nichols III,PIT,RB140
506,15,KeAndre Lambert-Smith,LAC,WR174
507,15,Sam Roush,CHI,TE76
508,15,Taysom Hill,FA,TE77
509,15,Myles Montgomery,FA,RB141
510,15,Michael Woods II,DEN,WR175
511,15,Max Bredeson,MIN,RB142
512,15,Michael Trigg,DAL,TE78
513,15,Jalen Milroe,SEA,QB52
514,15,David Sills V,TB,WR176
515,16,Mecole Hardman Jr.,BUF,WR177
516,16,Cade Stover,HOU,TE79
517,16,Trey Lance,LAC,QB53
518,16,Mason Rudolph,PIT,QB54
519,16,Mo Alie-Cox,IND,TE80
520,16,Durham Smythe,BAL,TE81
521,16,Foster Moreau,HOU,TE82
522,16,Josh Cameron,JAC,WR178
523,16,Jermaine Burton,FA,WR179
524,16,Tyler Conklin,DET,TE83
525,16,JuJu Smith-Schuster,FA,WR180
526,16,Lil'Jordan Humphrey,DEN,WR181