"RK",TIERS,"PLAYER NAME",TEAM,"POS","BYE WEEK","UPSIDE ","BUST ","SOS SEASON","ECR VS. ADP"
"1",1,"Jahmyr Gibbs",DET,"RB1","6","5 out of 5","1 out of 5","5 out of 5 stars","0"
"2",1,"Ja'Marr Chase",CIN,"WR1","6","5 out of 5","1 out of 5","4 out of 5 stars","+1"
"3",1,"Bijan Robinson",ATL,"RB2","11","5 out of 5","1 out of 5","2 out of 5 stars","-1"
"4",1,"Puka Nacua",LAR,"WR2","11","5 out of 5","2 out of 5","1 out of 5 stars","0"
"5",2,"Amon-Ra St. Brown",DET,"WR3","6","5 out of 5","1 out of 5","4 out of 5 stars","+3"
"6",2,"Jaxon Smith-Njigba",SEA,"WR4","11","5 out of 5","2 out of 5","3 out of 5 stars","0"
"7",2,"Christian McCaffrey",SF,"RB3","8","4 out of 5","4 out of 5","2 out of 5 stars","-2"
"8",2,"Jonathan Taylor",IND,"RB4","13","4 out of 5","3 out of 5","4 out of 5 stars","-1"
"9",2,"CeeDee Lamb",DAL,"WR5","14","4 out of 5","2 out of 5","2 out of 5 stars","+3"
"10",3,"Justin Jefferson",MIN,"WR6","6","4 out of 5","2 out of 5","5 out of 5 stars","+3"
"11",3,"James Cook III",BUF,"RB5","7","5 out of 5","2 out of 5","2 out of 5 stars","-2"
"12",3,"Drake London",ATL,"WR7","11","5 out of 5","3 out of 5","3 out of 5 stars","+4"
"13",3,"Brock Bowers",LV,"TE1","13","5 out of 5","1 out of 5","3 out of 5 stars","+9"
"14",3,"Saquon Barkley",PHI,"RB6","10","4 out of 5","3 out of 5","4 out of 5 stars","0"
"15",3,"Ashton Jeanty",LV,"RB7","13","5 out of 5","2 out of 5","2 out of 5 stars","-5"
"16",3,"Chase Brown",CIN,"RB8","6","5 out of 5","2 out of 5","2 out of 5 stars","-1"
"17",3,"Kenneth Walker III",KC,"RB9","5","4 out of 5","4 out of 5","3 out of 5 stars","+2"
"18",4,"Nico Collins",HOU,"WR8","8","4 out of 5","3 out of 5","3 out of 5 stars","+7"
"19",4,"De'Von Achane",MIA,"RB10","6","4 out of 5","4 out of 5","3 out of 5 stars","-8"
"20",4,"George Pickens",DAL,"WR9","14","4 out of 5","4 out of 5","2 out of 5 stars","+4"
"21",4,"A.J. Brown",NE,"WR10","11","5 out of 5","2 out of 5","2 out of 5 stars","-1"
"22",4,"Chris Olave",NO,"WR11","8","4 out of 5","4 out of 5","3 out of 5 stars","+6"
"23",4,"DeVonta Smith",PHI,"WR12","10","4 out of 5","2 out of 5","4 out of 5 stars","+11"
"24",4,"Omarion Hampton",LAC,"RB11","7","5 out of 5","2 out of 5","3 out of 5 stars","-6"
"25",4,"Malik Nabers",NYG,"WR13","8","4 out of 5","4 out of 5","4 out of 5 stars","+4"
"26",4,"Trey McBride",ARI,"TE2","14","4 out of 5","3 out of 5","2 out of 5 stars","-5"
"",4
"27",5,"Derrick Henry",BAL,"RB12","13","4 out of 5","2 out of 5","3 out of 5 stars","-10"
"28",5,"Zay Flowers",BAL,"WR14","13","5 out of 5","2 out of 5","4 out of 5 stars","+7"
"29",5,"Tee Higgins",CIN,"WR15","6","5 out of 5","2 out of 5","4 out of 5 stars","+12"
"30",5,"Jaylen Waddle",DEN,"WR16","10","4 out of 5","3 out of 5","2 out of 5 stars","+18"
"31",5,"Josh Allen",BUF,"QB1","7","5 out of 5","1 out of 5","3 out of 5 stars","-8"
"32",5,"Colston Loveland",CHI,"TE3","10","5 out of 5","3 out of 5","2 out of 5 stars","+11"
"33",5,"Garrett Wilson",NYJ,"WR17","13","4 out of 5","4 out of 5","4 out of 5 stars","+7"
"34",5,"Rashee Rice",KC,"WR18","5","5 out of 5","4 out of 5","2 out of 5 stars","-8"
"35",5,"Breece Hall",NYJ,"RB13","13","4 out of 5","3 out of 5","3 out of 5 stars","-3"
"36",5,"Tetairoa McMillan",CAR,"WR19","5","3 out of 5","3 out of 5","2 out of 5 stars","+1"
"37",5,"Jeremiyah Love",ARI,"RB14","14","5 out of 5","3 out of 5","2 out of 5 stars","-10"
"38",5,"Ladd McConkey",LAC,"WR20","7","4 out of 5","3 out of 5","2 out of 5 stars","+7"
"39",5,"Kyren Williams",LAR,"RB15","11","4 out of 5","2 out of 5","5 out of 5 stars","-9"
"40",6,"Javonte Williams",DAL,"RB16","14","4 out of 5","4 out of 5","4 out of 5 stars","-9"
"41",6,"Emeka Egbuka",TB,"WR21","10","5 out of 5","3 out of 5","4 out of 5 stars","-3"
"42",6,"Josh Jacobs",GB,"RB17","11","4 out of 5","4 out of 5","4 out of 5 stars","-9"
"43",6,"Lamar Jackson",BAL,"QB2","13","4 out of 5","3 out of 5","3 out of 5 stars","-1"
"44",6,"Luther Burden III",CHI,"WR22","10","4 out of 5","4 out of 5","3 out of 5 stars","+10"
"45",6,"Travis Etienne Jr.",NO,"RB18","8","4 out of 5","4 out of 5","3 out of 5 stars","-6"
"46",6,"Terry McLaurin",WAS,"WR23","7","4 out of 5","2 out of 5","2 out of 5 stars","+9"
"47",6,"D'Andre Swift",CHI,"RB19","10","3 out of 5","3 out of 5","2 out of 5 stars","0"
"48",6,"DJ Moore",BUF,"WR24","7","4 out of 5","2 out of 5","4 out of 5 stars","+4"
"49",6,"Tyler Warren",IND,"TE4","13","5 out of 5","2 out of 5","3 out of 5 stars","+1"
"50",6,"Rome Odunze",CHI,"WR25","10","4 out of 5","3 out of 5","3 out of 5 stars","+10"
"51",6,"Parker Washington",JAC,"WR26","7","4 out of 5","3 out of 5","4 out of 5 stars","+22"
"52",6,"Joe Burrow",CIN,"QB3","6","4 out of 5","3 out of 5","3 out of 5 stars","+4"
"53",6,"Cam Skattebo",NYG,"RB20","8","4 out of 5","4 out of 5","4 out of 5 stars","-17"
"54",7,"Jameson Williams",DET,"WR27","6","4 out of 5","3 out of 5","4 out of 5 stars","+4"
"55",7,"Davante Adams",LAR,"WR28","11","3 out of 5","4 out of 5","1 out of 5 stars","-6"
"56",7,"Drake Maye",NE,"QB4","11","5 out of 5","1 out of 5","2 out of 5 stars","-3"
"57",7,"Christian Watson",GB,"WR29","11","4 out of 5","4 out of 5","5 out of 5 stars","+9"
"58",7,"Jayden Daniels",WAS,"QB5","7","4 out of 5","4 out of 5","2 out of 5 stars","+3"
"59",7,"David Montgomery",HOU,"RB21","8","4 out of 5","2 out of 5","4 out of 5 stars","-8"
"60",7,"Quinshon Judkins",CLE,"RB22","11","4 out of 5","4 out of 5","3 out of 5 stars","-14"
"61",7,"Mike Evans",SF,"WR30","8","4 out of 5","3 out of 5","2 out of 5 stars","+3"
"62",7,"Bucky Irving",TB,"RB23","10","2 out of 5","4 out of 5","2 out of 5 stars","-18"
"63",7,"Bhayshul Tuten",JAC,"RB24","7","4 out of 5","3 out of 5","4 out of 5 stars","-4"
"64",7,"Marvin Harrison Jr.",ARI,"WR31","14","3 out of 5","4 out of 5","2 out of 5 stars","+8"
"65",7,"Jalen Hurts",PHI,"QB6","10","4 out of 5","3 out of 5","5 out of 5 stars","-2"
"66",7,"Jadarian Price",SEA,"RB25","11","4 out of 5","4 out of 5","4 out of 5 stars","-4"
"67",7,"Carnell Tate",TEN,"WR32","9","4 out of 5","3 out of 5","3 out of 5 stars","+2"
"68",7,"Tucker Kraft",GB,"TE5","11","5 out of 5","3 out of 5","2 out of 5 stars","+2"
"69",7,"Sam LaPorta",DET,"TE6","6","4 out of 5","3 out of 5","3 out of 5 stars","-1"
"70",7,"TreVeyon Henderson",NE,"RB26","11","4 out of 5","3 out of 5","2 out of 5 stars","-13"
"71",7,"Rhamondre Stevenson",NE,"RB27","11","4 out of 5","3 out of 5","2 out of 5 stars","+6"
"72",8,"Caleb Williams",CHI,"QB7","10","4 out of 5","2 out of 5","3 out of 5 stars","+2"
"73",8,"DK Metcalf",PIT,"WR33","9","4 out of 5","4 out of 5","3 out of 5 stars","+6"
"74",8,"Justin Herbert",LAC,"QB8","7","5 out of 5","2 out of 5","2 out of 5 stars","+11"
"75",8,"Jaylen Warren",PIT,"RB28","9","4 out of 5","4 out of 5","2 out of 5 stars","-4"
"76",8,"Harold Fannin Jr.",CLE,"TE7","11","4 out of 5","3 out of 5","3 out of 5 stars","-11"
"77",8,"Brian Thomas Jr.",JAC,"WR34","7","2 out of 5","4 out of 5","4 out of 5 stars","+1"
"78",8,"Jonathon Brooks",CAR,"RB29","5","4 out of 5","4 out of 5","1 out of 5 stars","+9"
"79",8,"Kyle Pitts Sr.",ATL,"TE8","11","4 out of 5","4 out of 5","3 out of 5 stars","-12"
"80",8,"Trevor Lawrence",JAC,"QB9","7","5 out of 5","2 out of 5","4 out of 5 stars","+3"
"81",8,"Chris Godwin Jr.",TB,"WR35","10","4 out of 5","4 out of 5","4 out of 5 stars","+15"
"82",8,"Dak Prescott",DAL,"QB10","14","4 out of 5","2 out of 5","2 out of 5 stars","-7"
"83",8,"Michael Wilson",ARI,"WR36","14","-","-","2 out of 5 stars","+1"
"84",8,"Josh Downs",IND,"WR37","13","4 out of 5","4 out of 5","4 out of 5 stars","+20"
"85",8,"Tony Pollard",TEN,"RB30","9","4 out of 5","3 out of 5","3 out of 5 stars","-5"
"86",8,"Rico Dowdle",PIT,"RB31","9","4 out of 5","4 out of 5","2 out of 5 stars","-5"
"87",8,"George Kittle",SF,"TE9","8","4 out of 5","4 out of 5","3 out of 5 stars","+5"
"88",8,"Michael Pittman Jr.",PIT,"WR38","9","4 out of 5","3 out of 5","3 out of 5 stars","+5"
"89",8,"De'Zhaun Stribling",SF,"WR39","8","3 out of 5","4 out of 5","2 out of 5 stars","+39"
"90",8,"Quentin Johnston",LAC,"WR40","7","4 out of 5","4 out of 5","2 out of 5 stars","+16"
"",8
"91",8,"J.K. Dobbins",DEN,"RB32","10","4 out of 5","4 out of 5","2 out of 5 stars","-3"
"92",9,"Jayden Reed",GB,"WR41","11","4 out of 5","4 out of 5","5 out of 5 stars","+29"
"93",9,"Chuba Hubbard",CAR,"RB33","5","2 out of 5","4 out of 5","1 out of 5 stars","-7"
"94",9,"Brock Purdy",SF,"QB11","8","4 out of 5","2 out of 5","1 out of 5 stars","+14"
"95",9,"Jordan Addison",MIN,"WR42","6","4 out of 5","3 out of 5","5 out of 5 stars","+10"
"96",9,"Courtland Sutton",DEN,"WR43","10","2 out of 5","4 out of 5","2 out of 5 stars","-20"
"97",9,"Alec Pierce",IND,"WR44","13","4 out of 5","4 out of 5","4 out of 5 stars","-7"
"98",9,"KC Concepcion",CLE,"WR45","11","4 out of 5","3 out of 5","3 out of 5 stars","+29"
"99",9,"Jaxson Dart",NYG,"QB12","8","4 out of 5","4 out of 5","4 out of 5 stars","-10"
"100",9,"RJ Harvey",DEN,"RB34","10","2 out of 5","4 out of 5","2 out of 5 stars","-18"
"101",9,"Bo Nix",DEN,"QB13","10","4 out of 5","2 out of 5","3 out of 5 stars","+10"
"102",9,"Blake Corum",LAR,"RB35","11","4 out of 5","4 out of 5","5 out of 5 stars","0"
"103",9,"Jacory Croskey-Merritt",WAS,"RB36","7","4 out of 5","4 out of 5","4 out of 5 stars","+9"
"104",9,"Dalton Kincaid",BUF,"TE10","7","3 out of 5","4 out of 5","3 out of 5 stars","+18"
"105",9,"Kenny Gainwell",TB,"RB37","10","4 out of 5","3 out of 5","2 out of 5 stars","-5"
"106",9,"Rachaad White",WAS,"RB38","7","4 out of 5","2 out of 5","4 out of 5 stars","+9"
"107",9,"Matthew Golden",GB,"WR46","11","3 out of 5","4 out of 5","5 out of 5 stars","+19"
"108",9,"Wan'Dale Robinson",TEN,"WR47","9","4 out of 5","3 out of 5","3 out of 5 stars","-13"
"109",9,"Makai Lemon",PHI,"WR48","10","4 out of 5","3 out of 5","4 out of 5 stars","+5"
"110",9,"Travis Kelce",KC,"TE11","5","2 out of 5","3 out of 5","4 out of 5 stars","-16"
"111",9,"Kyle Monangai",CHI,"RB39","10","4 out of 5","4 out of 5","2 out of 5 stars","-14"
"112",9,"Jordan Mason",MIN,"RB40","6","4 out of 5","3 out of 5","4 out of 5 stars","-5"
"113",9,"Kyler Murray",MIN,"QB14","6","4 out of 5","3 out of 5","5 out of 5 stars","+25"
"114",9,"Dallas Goedert",PHI,"TE12","10","4 out of 5","3 out of 5","4 out of 5 stars","+4"
"115",9,"Jakobi Meyers",JAC,"WR49","7","2 out of 5","3 out of 5","4 out of 5 stars","-6"
"116",9,"Matthew Stafford",LAR,"QB15","11","4 out of 5","2 out of 5","3 out of 5 stars","-25"
"117",9,"Jalen Coker",CAR,"WR50","5","4 out of 5","3 out of 5","2 out of 5 stars","+26"
"118",9,"Patrick Mahomes II",KC,"QB16","5","2 out of 5","4 out of 5","2 out of 5 stars","-17"
"119",9,"Jared Goff",DET,"QB17","6","4 out of 5","1 out of 5","5 out of 5 stars","+5"
"120",10,"Romeo Doubs",NE,"WR51","11","4 out of 5","3 out of 5","2 out of 5 stars","+12"
"121",10,"Stefon Diggs",WAS,"WR52","7","4 out of 5","2 out of 5","2 out of 5 stars","-18"
"122",10,"Isaiah Likely",NYG,"TE13","8","4 out of 5","4 out of 5","3 out of 5 stars","-12"
"123",10,"Aaron Jones Sr.",MIN,"RB41","6","1 out of 5","4 out of 5","4 out of 5 stars","-4"
"124",10,"Chris Rodriguez Jr.",JAC,"RB42","7","3 out of 5","4 out of 5","4 out of 5 stars","+17"
"125",10,"Juwan Johnson",NO,"TE14","8","4 out of 5","2 out of 5","2 out of 5 stars","+29"
"126",10,"Keaton Mitchell",LAC,"RB43","7","4 out of 5","4 out of 5","3 out of 5 stars","+36"
"127",10,"Xavier Worthy",KC,"WR53","5","4 out of 5","4 out of 5","2 out of 5 stars","+2"
"128",10,"Malik Willis",MIA,"QB18","6","4 out of 5","4 out of 5","3 out of 5 stars","+38"
"129",10,"Mark Andrews",BAL,"TE15","13","4 out of 5","4 out of 5","4 out of 5 stars","-4"
"130",10,"Jordan Love",GB,"QB19","11","4 out of 5","2 out of 5","4 out of 5 stars","+17"
"131",10,"Jordyn Tyson",NO,"WR54","8","4 out of 5","5 out of 5","3 out of 5 stars","-11"
"132",10,"Baker Mayfield",TB,"QB20","10","3 out of 5","4 out of 5","2 out of 5 stars","+3"
"133",10,"Khalil Shakir",BUF,"WR55","7","2 out of 5","4 out of 5","4 out of 5 stars","+4"
"134",10,"Tyjae Spears",TEN,"RB44","9","3 out of 5","4 out of 5","3 out of 5 stars","+12"
"135",10,"Denzel Boston",CLE,"WR56","11","4 out of 5","4 out of 5","3 out of 5 stars","+25"
"136",10,"Rashid Shaheed",SEA,"WR57","11","3 out of 5","4 out of 5","3 out of 5 stars","+8"
"137",10,"Jake Ferguson",DAL,"TE16","14","2 out of 5","4 out of 5","2 out of 5 stars","-24"
"138",10,"Woody Marks",HOU,"RB45","8","3 out of 5","4 out of 5","4 out of 5 stars","+2"
"139",10,"Tyler Shough",NO,"QB21","8","4 out of 5","2 out of 5","3 out of 5 stars","+11"
"140",10,"Zach Charbonnet",SEA,"RB46","11","3 out of 5","5 out of 5","4 out of 5 stars","-4"
"141",10,"Tank Bigsby",PHI,"RB47","10","4 out of 5","2 out of 5","4 out of 5 stars","+27"
"142",10,"Tyler Allgeier",ARI,"RB48","14","3 out of 5","4 out of 5","2 out of 5 stars","+6"
"143",10,"Jonah Coleman",DEN,"RB49","10","4 out of 5","4 out of 5","2 out of 5 stars","+27"
"144",11,"Houston Texans",HOU,"DST1","8","-","-","2 out of 5 stars","-45"
"145",11,"Chig Okonkwo",WAS,"TE17","7","4 out of 5","3 out of 5","1 out of 5 stars","+27"
"146",11,"Deebo Samuel Sr.",SF,"WR58","8","4 out of 5","3 out of 5","2 out of 5 stars","-16"
"147",11,"Adonai Mitchell",NYJ,"WR59","13","4 out of 5","4 out of 5","4 out of 5 stars","+97"
"148",11,"Travis Hunter",JAC,"WR60","7","3 out of 5","4 out of 5","4 out of 5 stars","+70"
"149",11,"MarShawn Lloyd",GB,"RB50","11","4 out of 5","4 out of 5","4 out of 5 stars","+38"
"150",11,"Mike Washington Jr.",LV,"RB51","13","3 out of 5","4 out of 5","2 out of 5 stars","+30"
"151",11,"Jalen McMillan",TB,"WR61","10","4 out of 5","3 out of 5","4 out of 5 stars","+53"
"152",11,"Emmett Johnson",KC,"RB52","5","4 out of 5","4 out of 5","3 out of 5 stars","+82"
"153",11,"Jalen Nailor",LV,"WR62","13","-","-","2 out of 5 stars","+45"
"154",11,"Brenton Strange",JAC,"TE18","7","4 out of 5","3 out of 5","3 out of 5 stars","+3"
"155",11,"Dalton Schultz",HOU,"TE19","8","3 out of 5","2 out of 5","4 out of 5 stars","+28"
"156",11,"Seattle Seahawks",SEA,"DST2","11","-","-","2 out of 5 stars","-33"
"157",11,"Dylan Sampson",CLE,"RB53","11","4 out of 5","2 out of 5","3 out of 5 stars","+35"
"158",11,"Sam Darnold",SEA,"QB22","11","1 out of 5","4 out of 5","4 out of 5 stars","+26"
"159",11,"Daniel Jones",IND,"QB23","13","4 out of 5","4 out of 5","4 out of 5 stars","+16"
"160",11,"Denver Broncos",DEN,"DST3","10","-","-","4 out of 5 stars","-43"
"161",11,"Tyrone Tracy Jr.",NYG,"RB54","8","3 out of 5","4 out of 5","4 out of 5 stars","-19"
"162",11,"Los Angeles Rams",LAR,"DST4","11","-","-","2 out of 5 stars","-46"
"163",11,"Hunter Henry",NE,"TE20","11","1 out of 5","4 out of 5","4 out of 5 stars","-8"
"164",11,"C.J. Stroud",HOU,"QB24","8","3 out of 5","4 out of 5","4 out of 5 stars","+13"
"165",11,"Bryce Young",CAR,"QB25","5","2 out of 5","4 out of 5","2 out of 5 stars","+49"
"166",11,"Ray Davis",BUF,"RB55","7","4 out of 5","4 out of 5","2 out of 5 stars","+73"
"167",11,"Brandon Aubrey",DAL,"K1","14","4 out of 5","1 out of 5","2 out of 5 stars","-69"
"168",11,"Brian Robinson Jr.",ATL,"RB56","11","2 out of 5","4 out of 5","2 out of 5 stars","-5"
"169",11,"Keenan Allen",IND,"WR63","13","3 out of 5","4 out of 5","4 out of 5 stars","+12"
"170",11,"Cam Ward",TEN,"QB26","9","4 out of 5","4 out of 5","3 out of 5 stars","+39"
"171",11,"Ka'imi Fairbairn",HOU,"K2","8","5 out of 5","1 out of 5","2 out of 5 stars","-37"
"172",11,"Philadelphia Eagles",PHI,"DST5","10","-","-","0 out of 5 stars","-33"
"173",11,"New England Patriots",NE,"DST6","11","-","-","3 out of 5 stars","-20"
"174",11,"Jaydon Blue",DAL,"RB57","14","4 out of 5","4 out of 5","4 out of 5 stars","+63"
"175",11,"Alvin Kamara",NO,"RB58","8","2 out of 5","4 out of 5","3 out of 5 stars","-30"
"176",11,"AJ Barner",SEA,"TE21","11","4 out of 5","2 out of 5","3 out of 5 stars","+12"
"177",11,"Minnesota Vikings",MIN,"DST7","6","-","-","1 out of 5 stars","-19"
"178",11,"Baltimore Ravens",BAL,"DST8","13","-","-","5 out of 5 stars","-22"
"179",11,"Pittsburgh Steelers",PIT,"DST9","9","-","-","5 out of 5 stars","-28"
"180",11,"Cameron Dicker",LAC,"K3","7","5 out of 5","1 out of 5","2 out of 5 stars","-49"
"181",11,"Ryan Flournoy",DAL,"WR64","14","4 out of 5","2 out of 5","2 out of 5 stars","+66"
"182",12,"Jacksonville Jaguars",JAC,"DST10","7","-","-","3 out of 5 stars","-11"
"183",12,"Greg Dulcich",MIA,"TE22","6","4 out of 5","4 out of 5","5 out of 5 stars","+30"
"184",12,"Cyrus Allen",KC,"WR65","5","4 out of 5","4 out of 5","2 out of 5 stars","+21"
"185",12,"Dontayvion Wicks",PHI,"WR66","10","4 out of 5","4 out of 5","4 out of 5 stars","+83"
"186",12,"Cam Little",JAC,"K4","7","-","-","4 out of 5 stars","-37"
"187",12,"Tre Tucker",LV,"WR67","13","4 out of 5","2 out of 5","2 out of 5 stars","-5"
"188",12,"Isiah Pacheco",DET,"RB59","6","3 out of 5","4 out of 5","5 out of 5 stars","-36"
"189",12,"Terrance Ferguson",LAR,"TE23","11","4 out of 5","4 out of 5","4 out of 5 stars","+18"
"190",12,"T.J. Hockenson",MIN,"TE24","6","2 out of 5","4 out of 5","4 out of 5 stars","-31"
"191",12,"Pat Bryant",DEN,"WR68","10","3 out of 5","4 out of 5","2 out of 5 stars","+67"
"192",12,"Los Angeles Chargers",LAC,"DST11","7","-","-","3 out of 5 stars","-23"
"193",12,"Braelon Allen",NYJ,"RB60","13","2 out of 5","4 out of 5","3 out of 5 stars","+7"
"194",12,"Jason Myers",SEA,"K5","11","4 out of 5","1 out of 5","4 out of 5 stars","-61"
"195",12,"Eddy Pineiro",SF,"K6","8","4 out of 5","1 out of 5","5 out of 5 stars","-21"
"196",12,"Jaylin Noel",HOU,"WR69","8","4 out of 5","4 out of 5","3 out of 5 stars","+88"
"197",12,"Devaughn Vele",NO,"WR70","8","-","-","3 out of 5 stars","+76"
"198",12,"Nicholas Singleton",TEN,"RB61","9","3 out of 5","4 out of 5","3 out of 5 stars","+40"
"199",12,"Ja'Kobi Lane",BAL,"WR71","13","3 out of 5","4 out of 5","4 out of 5 stars","-23"
"200",12,"Tyler Loop",BAL,"K7","13","-","-","3 out of 5 stars","-22"
"201",12,"Cairo Santos",CHI,"K8","10","4 out of 5","3 out of 5","0 out of 5 stars","-2"
"202",12,"Tre' Harris",LAC,"WR72","7","4 out of 5","2 out of 5","2 out of 5 stars","+27"
"203",12,"Kansas City Chiefs",KC,"DST12","5","-","-","3 out of 5 stars","-10"
"204",12,"Caleb Douglas",MIA,"WR73","6","2 out of 5","4 out of 5","3 out of 5 stars","+12"
"205",12,"Green Bay Packers",GB,"DST13","11","-","-","2 out of 5 stars","-19"
"206",12,"Oronde Gadsden II",LAC,"TE25","7","3 out of 5","4 out of 5","4 out of 5 stars","-10"
"207",12,"Kenyon Sadiq",NYJ,"TE26","13","4 out of 5","4 out of 5","4 out of 5 stars","-42"
"208",12,"Sean Tucker",TB,"RB62","10","3 out of 5","4 out of 5","2 out of 5 stars","+38"
"209",12,"Jake Bates",DET,"K9","6","4 out of 5","2 out of 5","5 out of 5 stars","-48"
"210",12,"Aaron Rodgers",PIT,"QB27","9","1 out of 5","4 out of 5","2 out of 5 stars","+7"
"211",12,"Harrison Mevis",LAR,"K10","11","4 out of 5","2 out of 5","2 out of 5 stars","-47"
"212",12,"Malik Washington",MIA,"WR74","6","2 out of 5","4 out of 5","3 out of 5 stars","+12"
"213",12,"Ollie Gordon II",MIA,"RB63","6","3 out of 5","4 out of 5","3 out of 5 stars","+89"
"214",12,"Jacoby Brissett",ARI,"QB28","14","2 out of 5","5 out of 5","2 out of 5 stars","+37"
"215",12,"Geno Smith",NYJ,"QB29","13","2 out of 5","4 out of 5","4 out of 5 stars","+153"
"216",12,"Omar Cooper Jr.",NYJ,"WR75","13","4 out of 5","4 out of 5","4 out of 5 stars","+7"
"217",12,"Jerry Jeudy",CLE,"WR76","11","2 out of 5","4 out of 5","3 out of 5 stars","-44"
"218",12,"Jauan Jennings",MIN,"WR77","6","2 out of 5","4 out of 5","5 out of 5 stars","-17"
"219",13,"Fernando Mendoza",LV,"QB30","13","4 out of 5","3 out of 5","1 out of 5 stars","-11"
"220",13,"Buffalo Bills",BUF,"DST14","7","-","-","3 out of 5 stars","-23"
"221",13,"Tank Dell",HOU,"WR78","8","4 out of 5","4 out of 5","3 out of 5 stars","-54"
"222",13,"James Conner",ARI,"RB64","14","3 out of 5","4 out of 5","2 out of 5 stars","-11"
"223",13,"Will Reichard",MIN,"K11","6","-","-","2 out of 5 stars","-34"
"224",13,"Andy Borregales",NE,"K12","11","-","-","1 out of 5 stars","+9"
"225",13,"Kayshon Boutte",NE,"WR79","11","3 out of 5","4 out of 5","2 out of 5 stars","+15"
"226",13,"Cade Otton",TB,"TE27","10","3 out of 5","4 out of 5","2 out of 5 stars","-1"
"227",13,"Harrison Butker",KC,"K13","5","-","-","5 out of 5 stars","-42"
"228",13,"George Holani",SEA,"RB65","11","3 out of 5","4 out of 5","4 out of 5 stars","+46"
"229",13,"Chris Boswell",PIT,"K14","9","-","-","4 out of 5 stars","-19"
"230",13,"Najee Harris",NYG,"RB66","8","2 out of 5","4 out of 5","4 out of 5 stars","+20"
"231",13,"Rashod Bateman",BAL,"WR80","13","3 out of 5","4 out of 5","4 out of 5 stars","+14"
"232",13,"Kimani Vidal",LAC,"RB67","7","2 out of 5","4 out of 5","3 out of 5 stars","+16"
"233",13,"Isaiah Davis",NYJ,"RB68","13","2 out of 5","4 out of 5","3 out of 5 stars","+220"
"234",13,"Malachi Fields",NYG,"WR81","8","4 out of 5","4 out of 5","4 out of 5 stars","-14"
"235",13,"Zachariah Branch",ATL,"WR82","11","2 out of 5","4 out of 5","3 out of 5 stars","-3"
"236",13,"Isaac TeSlaa",DET,"WR83","6","3 out of 5","4 out of 5","4 out of 5 stars","+5"
"237",13,"Chase McLaughlin",TB,"K15","10","4 out of 5","2 out of 5","3 out of 5 stars","-34"
"238",13,"Pat Freiermuth",PIT,"TE28","9","3 out of 5","3 out of 5","2 out of 5 stars","-16"
"239",13,"Justice Hill",BAL,"RB69","13","-","-","3 out of 5 stars","-9"
"240",13,"Detroit Lions",DET,"DST15","6","-","-","5 out of 5 stars","-61"
"241",13,"Evan McPherson",CIN,"K16","6","4 out of 5","2 out of 5","2 out of 5 stars","-46"
"242",13,"Kaytron Allen",WAS,"RB70","7","3 out of 5","4 out of 5","4 out of 5 stars","+14"
"243",13,"Jack Bech",LV,"WR84","13","3 out of 5","4 out of 5","2 out of 5 stars","+49"
"244",13,"San Francisco 49ers",SF,"DST16","8","-","-","3 out of 5 stars","-23"
"245",13,"Colby Parkinson",LAR,"TE29","11","-","-","4 out of 5 stars","+52"
"246",13,"Kaelon Black",SF,"RB71","8","3 out of 5","4 out of 5","2 out of 5 stars","-11"
"247",13,"Antonio Williams",WAS,"WR85","7","4 out of 5","2 out of 5","2 out of 5 stars","-4"
"248",13,"Gunnar Helm",TEN,"TE30","9","3 out of 5","3 out of 5","3 out of 5 stars","+12"
"249",13,"Evan Engram",DEN,"TE31","10","-","-","4 out of 5 stars","+79"
"250",13,"Chris Bell",MIA,"WR86","6","3 out of 5","4 out of 5","3 out of 5 stars","+20"
"251",13,"Wil Lutz",DEN,"K17","10","-","-","1 out of 5 stars","-36"
"252",13,"Calvin Ridley",TEN,"WR87","9","2 out of 5","4 out of 5","3 out of 5 stars","-62"
"253",13,"Cooper Kupp",SEA,"WR88","11","3 out of 5","4 out of 5","3 out of 5 stars","-59"
"254",13,"Ted Hurst III",TB,"WR89","10","4 out of 5","4 out of 5","4 out of 5 stars","+28"
"255",13,"Demond Claiborne",MIN,"RB72","6","3 out of 5","4 out of 5","4 out of 5 stars","+9"
"256",13,"Jahan Dotson",ATL,"WR90","11","-","-","3 out of 5 stars","+183"
"257",13,"Darnell Mooney",NYG,"WR91","8","3 out of 5","4 out of 5","4 out of 5 stars","+2"
"258",13,"Germie Bernard",PIT,"WR92","9","3 out of 5","4 out of 5","3 out of 5 stars","-9"
"259",13,"Tyquan Thornton",KC,"WR93","5","2 out of 5","5 out of 5","2 out of 5 stars","+139"
"260",13,"Samaje Perine",CIN,"RB73","6","2 out of 5","4 out of 5","2 out of 5 stars","+21"
"261",13,"Keon Coleman",BUF,"WR94","7","2 out of 5","4 out of 5","4 out of 5 stars","+4"
"262",13,"Jordan James",SF,"RB74","8","2 out of 5","4 out of 5","2 out of 5 stars","-26"
"263",13,"Emanuel Wilson",SEA,"RB75","11","3 out of 5","4 out of 5","4 out of 5 stars","+3"
"264",14,"Jaylen Wright",MIA,"RB76","6","-","-","3 out of 5 stars","-2"
"265",14,"Adam Randall",BAL,"RB77","13","3 out of 5","4 out of 5","3 out of 5 stars","+245"
"266",14,"DJ Giddens",IND,"RB78","13","2 out of 5","4 out of 5","4 out of 5 stars","+42"
"267",14,"Darius Slayton",NYG,"WR95","8","3 out of 5","4 out of 5","4 out of 5 stars","+146"
"268",14,"Charlie Smyth",NO,"K18","8","-","-","5 out of 5 stars","+46"
"269",14,"Tua Tagovailoa",ATL,"QB31","11","1 out of 5","4 out of 5","4 out of 5 stars","+21"
"270",14,"Xavier Legette",CAR,"WR96","5","2 out of 5","4 out of 5","2 out of 5 stars","+148"
"271",14,"Troy Franklin",DEN,"WR97","10","1 out of 5","5 out of 5","2 out of 5 stars","+9"
"272",14,"Michael Penix Jr.",ATL,"QB32","11","1 out of 5","5 out of 5","4 out of 5 stars","+15"
"273",14,"Indianapolis Colts",IND,"DST17","13","-","-","5 out of 5 stars","+6"
"274",14,"Elijah Sarratt",BAL,"WR98","13","4 out of 5","4 out of 5","4 out of 5 stars","+35"
"275",14,"Chris Brooks",GB,"RB79","11","2 out of 5","4 out of 5","4 out of 5 stars","+115"
"276",14,"Trey Smack",GB,"K19","11","-","-","4 out of 5 stars","-23"
"277",14,"Eli Stowers",PHI,"TE32","10","4 out of 5","4 out of 5","4 out of 5 stars","-6"
"278",14,"Atlanta Falcons",ATL,"DST18","11","-","-","4 out of 5 stars","-36"
"279",14,"Seth McGowan",IND,"RB80","13","4 out of 5","4 out of 5","4 out of 5 stars","+164"
"280",14,"Chicago Bears",CHI,"DST19","10","-","-","2 out of 5 stars","-78"
"281",14,"LeQuint Allen Jr.",JAC,"RB81","7","2 out of 5","4 out of 5","4 out of 5 stars","+102"
"282",14,"Darnell Washington",PIT,"TE33","9","-","-","2 out of 5 stars","+9"
"283",14,"Tory Horton",SEA,"WR99","11","4 out of 5","4 out of 5","3 out of 5 stars","+13"
"284",14,"Shedeur Sanders",CLE,"QB33","11","3 out of 5","4 out of 5","4 out of 5 stars","-30"
"285",14,"Elic Ayomanor",TEN,"WR100","9","1 out of 5","5 out of 5","3 out of 5 stars","+21"
"286",14,"Deshaun Watson",CLE,"QB34","11","1 out of 5","5 out of 5","4 out of 5 stars","+86"
"287",14,"New York Giants",NYG,"DST20","8","-","-","1 out of 5 stars","-61"
"288",14,"Kirk Cousins",LV,"QB35","13","2 out of 5","4 out of 5","1 out of 5 stars","+17"
"289",14,"Malik Davis",DAL,"RB82","14","-","-","4 out of 5 stars","+114"
"290",14,"David Njoku",LAC,"TE34","7","4 out of 5","4 out of 5","4 out of 5 stars","-78"
"291",14,"Dallas Cowboys",DAL,"DST21","14","-","-","1 out of 5 stars","-100"
"292",14,"Trey Benson",ARI,"RB83","14","2 out of 5","4 out of 5","2 out of 5 stars","+27"
"293",14,"Chimere Dike",TEN,"WR101","9","1 out of 5","5 out of 5","3 out of 5 stars","+27"
"294",14,"New Orleans Saints",NO,"DST22","8","-","-","5 out of 5 stars","-67"
"295",14,"Darren Waller",CAR,"TE35","5","-","-","2 out of 5 stars","+124"
"296",14,"Mike Gesicki",CIN,"TE36","6","-","-","3 out of 5 stars","+46"
"297",14,"Christian Kirk",SF,"WR102","8","3 out of 5","4 out of 5","2 out of 5 stars","-42"
"298",14,"Brandon Aiyuk",SF,"WR103","8","2 out of 5","5 out of 5","2 out of 5 stars","-15"
"299",14,"Tampa Bay Buccaneers",TB,"DST23","10","-","-","4 out of 5 stars","-68"
"300",14,"Ty Johnson",BUF,"RB84","7","-","-","2 out of 5 stars","+1"
"301",14,"Emari Demercado",KC,"RB85","5","1 out of 5","5 out of 5","3 out of 5 stars","+57"
"302",14,"Mason Taylor",NYJ,"TE37","13","1 out of 5","4 out of 5","4 out of 5 stars","-16"
"303",14,"Isaiah Bond",CLE,"WR104","11","-","-","3 out of 5 stars","+102"
"304",14,"Tahj Brooks",CIN,"RB86","6","-","-","2 out of 5 stars","+175"
"305",14,"Erick All Jr.",CIN,"TE38","6","-","-","3 out of 5 stars","-"
"306",14,"Xavier Hutchinson",HOU,"WR105","8","-","-","3 out of 5 stars","+268"
"307",14,"DeMario Douglas",NE,"WR106","11","-","-","2 out of 5 stars","+167"
"308",14,"Marvin Mims Jr.",DEN,"WR107","10","3 out of 5","4 out of 5","2 out of 5 stars","-15"
"309",15,"Tyler Higbee",LAR,"TE39","11","-","-","4 out of 5 stars","+22"
"310",15,"Kendre Miller",NO,"RB87","8","2 out of 5","4 out of 5","3 out of 5 stars","+30"
"311",15,"Charlie Kolar",LAC,"TE40","7","-","-","4 out of 5 stars","+212"
"312",15,"Bryce Lance",NO,"WR108","8","-","-","3 out of 5 stars","+184"
"313",15,"Jake Tonges",SF,"TE41","8","-","-","3 out of 5 stars","-44"
"314",15,"Jake Elliott",PHI,"K20","10","-","-","5 out of 5 stars","-86"
"315",15,"Cleveland Browns",CLE,"DST24","11","-","-","5 out of 5 stars","-109"
"316",15,"Eli Raridon",NE,"TE42","11","-","-","4 out of 5 stars","+25"
"317",15,"Carolina Panthers",CAR,"DST25","5","-","-","3 out of 5 stars","-54"
"318",15,"Cincinnati Bengals",CIN,"DST26","6","-","-","4 out of 5 stars","-46"
"319",15,"Treylon Burks",WAS,"WR109","7","-","-","2 out of 5 stars","+244"
"320",15,"Phil Mafah",DAL,"RB88","14","-","-","4 out of 5 stars","-"
"321",15,"Devin Singletary",NYG,"RB89","8","-","-","4 out of 5 stars","-23"
"322",15,"Theo Johnson",NYG,"TE43","8","1 out of 5","5 out of 5","3 out of 5 stars","-12"
"323",15,"Trevor Etienne",CAR,"RB90","5","-","-","1 out of 5 stars","+225"
"324",15,"Michael Mayer",LV,"TE44","13","-","-","3 out of 5 stars","+86"
"325",15,"Blake Grupe",IND,"K21","13","-","-","4 out of 5 stars","-31"
"326",15,"Skyler Bell",BUF,"WR110","7","-","-","4 out of 5 stars","-4"
"327",15,"Tennessee Titans",TEN,"DST27","9","-","-","2 out of 5 stars","-66"
"328",15,"Malik Benson",LV,"WR111","13","-","-","2 out of 5 stars","+302"
"329",15,"Kaleb Johnson",PIT,"RB91","9","1 out of 5","5 out of 5","2 out of 5 stars","-62"
"330",15,"Joshua Palmer",BUF,"WR112","7","-","-","4 out of 5 stars","-17"
"331",15,"Tyler Bass",BUF,"K22","7","-","-","2 out of 5 stars","-79"
"332",15,"Andrei Iosivas",CIN,"WR113","6","-","-","4 out of 5 stars","+59"
"333",15,"Nick Folk",ATL,"K23","11","-","-","0 out of 5 stars","-58"
"334",15,"Zane Gonzalez",FA,"K24","-","-","-","-","+208"
"335",15,"Elijah Arroyo",SEA,"TE45","11","-","-","3 out of 5 stars","-23"
"336",15,"Ryan Fitzgerald",CAR,"K25","5","-","-","0 out of 5 stars","0"
"337",15,"Spencer Shrader",IND,"K26","13","-","-","4 out of 5 stars","+2"
"338",15,"Ashton Dulin",IND,"WR114","13","-","-","4 out of 5 stars","-"
"339",15,"Ben Sauls",NYG,"K27","8","-","-","2 out of 5 stars","-13"
"340",15,"Brashard Smith",KC,"RB92","5","-","-","3 out of 5 stars","-36"
"341",15,"Oscar Delp",NO,"TE46","8","4 out of 5","4 out of 5","2 out of 5 stars","+177"
"342",15,"Carson Beck",ARI,"QB36","14","-","-","2 out of 5 stars","-42"
"343",15,"Kyle Williams",NE,"WR115","11","-","-","2 out of 5 stars","-67"
"344",15,"Sione Vaki",DET,"RB93","6","-","-","5 out of 5 stars","-"
"345",15,"Roschon Johnson",CHI,"RB94","10","-","-","2 out of 5 stars","+177"
"346",15,"Jalen Royals",KC,"WR116","5","-","-","2 out of 5 stars","+291"
"347",15,"New York Jets",NYJ,"DST28","13","-","-","4 out of 5 stars","+90"
"348",15,"Las Vegas Raiders",LV,"DST29","13","-","-","4 out of 5 stars","-70"
"349",15,"Raheim Sanders",CLE,"RB95","11","-","-","3 out of 5 stars","+216"
"350",15,"Jawhar Jordan",HOU,"RB96","8","-","-","4 out of 5 stars","+141"
"351",15,"Brenen Thompson",LAC,"WR117","7","-","-","2 out of 5 stars","+211"
"352",15,"Devin Neal",NO,"RB97","8","2 out of 5","4 out of 5","3 out of 5 stars","-25"
"353",15,"Demarcus Robinson",SF,"WR118","8","-","-","2 out of 5 stars","+224"
"354",15,"Colbie Young",CIN,"WR119","6","-","-","4 out of 5 stars","+70"
"355",15,"CJ Daniels",LAR,"WR120","11","-","-","1 out of 5 stars","+137"
"356",15,"Savion Williams",GB,"WR121","11","-","-","5 out of 5 stars","-"
"357",15,"Jalen Tolbert",MIA,"WR122","6","-","-","3 out of 5 stars","-58"
"358",15,"Zavion Thomas",CHI,"WR123","10","-","-","3 out of 5 stars","+17"
"359",15,"Calvin Austin III",NYG,"WR124","8","-","-","4 out of 5 stars","+126"
"360",15,"Jarquez Hunter",LAR,"RB98","11","-","-","5 out of 5 stars","+10"
"361",15,"Roman Wilson",PIT,"WR125","9","-","-","3 out of 5 stars","+31"
"362",15,"Luke McCaffrey",WAS,"WR126","7","-","-","2 out of 5 stars","-30"
"363",15,"Mitchell Evans",CAR,"TE47","5","-","-","2 out of 5 stars","-"
"364",15,"Noah Whittington",HOU,"RB99","8","-","-","4 out of 5 stars","-"
"365",15,"Hollywood Brown",PHI,"WR127","10","-","-","4 out of 5 stars","-42"
"366",15,"Cedric Tillman",CLE,"WR128","11","-","-","3 out of 5 stars","+220"
"367",15,"Tez Johnson",TB,"WR129","10","-","-","4 out of 5 stars","+201"
"368",15,"J.J. McCarthy",MIN,"QB37","6","-","-","5 out of 5 stars","-111"
"369",15,"Tai Felton",MIN,"WR130","6","-","-","5 out of 5 stars","+129"
"370",15,"Cole Kmet",CHI,"TE48","10","-","-","2 out of 5 stars","-75"
"371",15,"Daniel Bellinger",TEN,"TE49","9","-","-","3 out of 5 stars","+189"
"372",15,"Max Klare",LAR,"TE50","11","-","-","4 out of 5 stars","+22"
"373",15,"Nick Westbrook-Ikhine",IND,"WR131","13","-","-","4 out of 5 stars","+179"
"374",15,"Tyreek Hill",FA,"WR132","-","1 out of 5","5 out of 5","-","-155"
"375",15,"Mac Jones",SF,"QB38","8","-","-","1 out of 5 stars","-46"
"376",15,"Dawson Knox",BUF,"TE51","7","-","-","3 out of 5 stars","-59"